{"accuracy": [0.853911817073822, 0.9424930214881897, 0.9539000391960144, 0.9598395228385925, 0.9632222652435303, 0.9670377373695374, 0.9689651131629944, 0.9703024625778198, 0.9723085165023804, 0.9717971682548523, 0.9743932485580444, 0.9765173196792603, 0.9770680069923401, 0.9781693816184998, 0.9788773655891418, 0.9804507493972778, 0.9799787402153015, 0.9816701412200928, 0.9829681515693665, 0.9833222031593323], "loss": [0.36734721064567566, 0.19070005416870117, 0.15598846971988678, 0.12968870997428894, 0.1127534806728363, 0.10317496955394745, 0.09628387540578842, 0.08907722681760788, 0.08443570137023926, 0.08123301714658737, 0.07587996125221252, 0.07123668491840363, 0.06904210895299911, 0.06538961082696915, 0.06237031891942024, 0.05892707407474518, 0.05890097841620445, 0.05508781224489212, 0.050591420382261276, 0.04982059821486473]}